{"__years": [1940, 2000], "__case_insensitive": true, "_START_*Sam": 2.89174061585493, "_START_*Sam*and": 0.08594705249092478, "Sam*and*Jo": 0.0002478075859267613, "and*Jo*went": 0.001364227892765734, "Jo*went*for": 0, "went*for*a": 0.5991085391549295, "for*a*hike": 0.020795398032667528, "a*hike*.": 0.02218676037062493, "hike*.": 0.14138794884786013, "_START_*They": 516.7512070806506, "_START_*They*took": 2.143456042603486, "They*took*a": 0.4891215144384585, "took*a*path": 0.013348832254503477, "a*path*through": 0.19570319115804538, "path*through*the": 0.43893107782837065, "through*the*woods": 0.8939807871609475, "the*woods*.": 1.7494754226719742, "woods*.": 2.9559334267724195, "_START_*Suddenly": 8.989785363772425, "_START_*Suddenly*,": 8.989785363772425, "_START_*Suddenly*_._": 2.1965678035672163, "Suddenly*_._*Sam": 0.0007839821885942195, "_._*Sam*heard": 0.002070020062465086, "Sam*heard*a": 0.0012393160345863523, "heard*a*noise": 0.15446689616283038, "a*noise*coming": 0.005325763288482979, "noise*coming*from": 0.033968334433050355, "coming*from*the": 3.261899220238648, "from*the*tree": 0.6468114368115071, "the*tree*above": 0.025213510147440023, "tree*above*their": 0.0007837596038930935, "above*their*heads": 0.26616298197140276, "their*heads*.": 1.3824804499727477, "heads*.": 4.034671268412195, "_START_*Jo": 0.8072106868975552, "_START_*Jo*climbed": 0.00016060379551764226, "Jo*climbed*up": 0, "climbed*up*to": 0.173426372395893, "up*to*see": 0.6955880364524196, "to*see*what": 6.371323545050048, "see*what*the": 1.0661110516363972, "what*the*noise": 0.016553210105680786, "the*noise*was": 0.2459311717333377, "noise*was*and": 0.000649606552748026, "was*and*found": 0.005379679881895119, "and*found*two": 0.05373948414863722, "found*two*baby": 0.0004013530736127521, "two*baby*squirrels": 0.00018470947346774737, "baby*squirrels*.": 0.0005682531592362593, "squirrels*.": 0.17515607905066727, "_START_*The": 4882.650869014887, "_START_*The*babies": 0.09619817185299265, "The*babies*were": 0.07449696327945204, "babies*were*alone": 0.00012382677488112276, "were*alone*_._": 0.4357032968878453, "alone*_._*but": 1.7402468744804052, "_._*but*their": 7.453380461453487, "but*their*mother": 0.020242671349710802, "their*mother*must": 0.003188536396208013, "mother*must*be": 0.06597739880115087, "must*be*somewhere": 0.09392526578722027, "be*somewhere*near": 0.035337014247343326, "somewhere*near*.": 0.015493755961275666, "near*.": 1.5915674167877487, "_START_*The*children": 5.4618328275581485, "The*children*watched": 0.025022350683271355, "children*watched*and": 0.001224359128653989, "watched*and*waited": 0.06548803728809036, "and*waited*.": 0.64709606322684, "waited*.": 1.6097634927779731, "_START_*Sure": 2.0214238229080546, "_START_*Sure*enough": 0.5444039330594506, "Sure*enough*_._": 1.0567637474889393, "enough*_._*the": 2.1627519853851607, "_._*the*mother": 3.4100397691011746, "the*mother*soon": 0.005181212930460881, "mother*soon*returned": 0.0002817865583402899, "soon*returned*with": 0.043309880679976605, "returned*with*a": 0.5450610474587743, "with*a*mouthful": 0.029452744860933345, "a*mouthful*of": 0.30996734621112465, "mouthful*of*nuts": 0.00031042425119491774, "of*nuts*.": 0.04264995442971857, "nuts*.": 0.9658874090782271, "_START_*The*noises": 0.05815171099754672, "The*noises*stopped": 0.0021743755059228554, "noises*stopped*as": 6.991743090682701e-05, "stopped*as*the": 0.023787495485212126, "as*the*baby": 0.1922435745302603, "the*baby*squirrels": 0.0012894979571836302, "baby*squirrels*began": 0, "squirrels*began*to": 0.0005927677090071002, "began*to*eat": 0.23099292527566845, "to*eat*.": 2.6454653655745175, "eat*.": 3.911401052169956, "and*Jo*smiled": 6.061998535203349e-05, "Jo*smiled*_._": 0.0009637474843672077, "smiled*_._*knowing": 0.011531066804500873, "_._*knowing*the": 0.7765610609928937, "knowing*the*squirrels": 0, "the*squirrels*were": 0.009513367386664962, "squirrels*were*safe": 0, "were*safe*with": 0.005719155810137674, "safe*with*their": 0.00299859246813553, "with*their*mother": 0.2555215652946034, "their*mother*.": 0.3863919412315076, "mother*.": 14.24515002155636, "_START_": 0, "Sam*and": 0.5059877411633666, "and*Jo": 0.19143639634349283, "Jo*went": 0.007794779787020877, "went*for": 1.8312737434736517, "for*a": 455.61375575699293, "a*hike": 0.14828944676791683, "They*took": 7.372045099488831, "took*a": 20.357887240338567, "a*path": 3.115460870035014, "path*through": 0.6757898315317619, "through*the": 231.0486749488742, "the*woods": 9.2612583799922, "Suddenly*_._": 8.072470439133138, "_._*Sam": 3.8145250096523085, "Sam*heard": 0.009989889471206936, "heard*a": 5.52156406542292, "a*noise": 1.559667286512724, "noise*coming": 0.042727048303808274, "coming*from": 8.778669771587731, "from*the": 1114.742050854371, "the*tree": 12.631100520552462, "tree*above": 0.052859211274008125, "above*their": 1.148079407425986, "their*heads": 7.407554691578902, "Jo*climbed": 0.0004852966180097311, "climbed*up": 1.06277384736027, "up*to": 131.17478935976683, "to*see": 134.25169525317705, "see*what": 13.249146344266636, "what*the": 55.055492473494255, "the*noise": 6.8492004230825305, "noise*was": 0.4418510069629179, "was*and": 3.6519633131767297, "and*found": 14.513214275629267, "found*two": 0.6714551583157669, "two*baby": 0.03270832415865407, "baby*squirrels": 0.004320495604724207, "The*babies": 0.9800792216121182, "babies*were": 0.3522890085296789, "were*alone": 0.9817227146040899, "alone*_._": 50.936337715267925, "_._*but": 1358.02655256798, "but*their": 11.91659165871271, "their*mother": 3.2912687805160425, "mother*must": 0.28631771084449753, "must*be": 275.1613973800215, "be*somewhere": 0.44330231894789784, "somewhere*near": 0.6358373285227433, "The*children": 51.16408997067634, "children*watched": 0.04896972752208609, "watched*and": 0.5479914053750213, "and*waited": 2.7555557444131527, "Sure*enough": 1.3341807838045139, "enough*_._": 39.89236928493453, "_._*the": 3965.8166094087674, "the*mother": 31.404440635395105, "mother*soon": 0.030781075135032747, "soon*returned": 0.2611206301093053, "returned*with": 2.2585550868080033, "with*a": 503.88889182807463, "a*mouthful": 0.45845247138102974, "mouthful*of": 0.4167480346391354, "of*nuts": 0.3060133319785169, "The*noises": 0.42898985918409527, "noises*stopped": 0.0034660370975875356, "stopped*as": 0.25494301175073264, "as*the": 597.5218315500972, "the*baby": 12.739630667520256, "squirrels*began": 0.0009307271574572777, "began*to": 83.0134052447364, "to*eat": 14.700795873068273, "Jo*smiled": 0.0030548146278047057, "smiled*_._": 6.653336726469474, "_._*knowing": 7.919675513277503, "knowing*the": 3.714220644619896, "the*squirrels": 0.18400902704830213, "squirrels*were": 0.04155169602564455, "were*safe": 0.4969211658113099, "safe*with": 0.26343495341243145, "with*their": 65.91353155168004, ".": 0, "_START_*Sam*and*Jo": 0, "Sam*and*Jo*went": 0, "and*Jo*went*for": 0, "Jo*went*for*a": 0, "went*for*a*hike": 0.0021408216460956256, "for*a*hike*.": 0.00388151389672729, "_START_*They*took*a": 0, "They*took*a*path": 0.0012723264755062594, "took*a*path*through": 0.001571044830203149, "a*path*through*the": 0.13069341831257633, "path*through*the*woods": 0.023105489980318198, "through*the*woods*.": 0.17529804726198892, "_START_*Suddenly*_._*Sam": 0, "Suddenly*_._*Sam*heard": 0, "_._*Sam*heard*a": 0, "Sam*heard*a*noise": 0, "heard*a*noise*coming": 0.00249067074614968, "a*noise*coming*from": 0.004359804697135201, "noise*coming*from*the": 0.018664873559294776, "coming*from*the*tree": 0.0010684806878067425, "from*the*tree*above": 0.0025008774500288444, "the*tree*above*their": 0.00035482162313041127, "tree*above*their*heads": 0.0006898508938498985, "above*their*heads*.": 0.0984822680236187, "_START_*Jo*climbed*up": 0, "Jo*climbed*up*to": 0, "climbed*up*to*see": 0, "up*to*see*what": 0, "to*see*what*the": 0, "see*what*the*noise": 0, "what*the*noise*was": 0, "the*noise*was*and": 0, "noise*was*and*found": 0, "was*and*found*two": 0,