session,response,express
54329,818770,4.352333333333333
54339,818809,4.737666666666667
54340,818812,4.619666666666667
54342,818818,4.755
54344,818824,4.558000000000001
54345,818827,4.41
54346,818830,4.767666666666666
54348,818837,4.625666666666667
54350,818858,4.618666666666667
54360,818953,4.721333333333333
54361,818956,4.8
54365,819002,4.720666666666667
54366,819005,4.595
54367,819008,4.530666666666668
54370,819033,4.6290000000000004
