session,response,express
54329,818769,4.582666666666667
54338,818805,4.614333333333334
54339,818808,4.786666666666666
54340,818811,4.623
54342,818817,4.765333333333333
54344,818823,4.645666666666666
54345,818826,4.384666666666667
54346,818829,4.8133333333333335
54348,818836,4.916
54350,818857,4.638
54360,818952,4.766666666666667
54361,818955,4.764333333333333
54365,819001,4.759666666666667
54366,819004,4.523333333333333
54367,819007,4.47
54370,819032,4.6786666666666665
54371,819035,4.599
