session,response,express
54329,818771,4.746333333333333
54339,818810,4.834333333333333
54340,818813,4.707333333333334
54342,818819,4.859333333333333
54344,818825,4.727666666666667
54345,818828,4.683000000000001
54346,818831,4.909666666666666
54348,818838,4.998
54350,818859,4.283666666666666
54360,818954,4.822666666666667
54361,818957,4.875333333333333
54365,819003,4.8806666666666665
54366,819006,4.788333333333334
54367,819009,4.782
54370,819034,4.79
